username,firstname,lastname,email
JohnSmith,John,Smith,johnsmith@gmail.com
VladPitt,Vlad,Pitt,vladpitt@gmail.com
AnnaKaranina,Anna,Karanina,annakaranina@gmail.com
KarenLibs,Karen,Libs,karenlibs@gmail.com
JackBlack,Jack,Black,jackblack@gmail.com
AdamSummers,Adam,Summers,adamsummers@gmail.com
RickSanchez,Rick,Sanchez,ricksanchez@gmail.com
MisterBean,Mister,Bean,misterbean@gmail.com
EddyMuprhy,Eddy,Muprhy,eddymurphy@gmail.com
CathrineKelly,Cathrine,Kelly,cathrinekelly@gmail.com
EzioAuditore,Ezio,Auditore,ezioauditore@gmail.com
WalterWhite,Walter,White,walterwhite@gmail.com
JessiePinkman,Jessie,Pinkman,jessiepinkman@gmail.com
GustavoFring,Gustavo,Fring,gustavofring@gmail.com
,,,
,,,
,,,
,,,
,,,
,,,
,,,
,,,
,,,
,,,
